J0101,プログラミング入門,432
J0102,データ構造とアルゴリズム,850
J0103,AIの基礎,999
J0104,ネットワークの世界,700
J0105,OS設計,650
J0106,ロボット工学,800
J0107,未来の数学,520
J0108,サイバーセキュリティ,910
J0109,量子コンピュータ,1000
J0110,クラウド入門,430
J0111,データベース設計,780
J0112,Web開発実践,600
J0113,IoT時代,990
J0114,画像処理,870
J0115,音声認識,950
J0116,自然言語処理,980
J0117,統計学,410
J0118,機械学習,1000
J0119,深層学習,970
J0120,バイオインフォマティクス,890
J0121,宇宙科学,800
J0122,物理シミュレーション,650
J0123,電子回路,700
J0124,電磁気学,600
J0125,材料力学,550
J0126,制御工学,800
J0127,信号処理,900
J0128,画像認識,950
J0129,VR/AR入門,990
J0130,3Dプリンタ,870
J0131,自動運転,1000
J0132,ドローン技術,980
J0133,センサ工学,700
J0134,組込みシステム,800
J0135,電子工作,650
J0136,電気自動車,900
J0137,再生可能エネルギー,850
J0138,エネルギー管理,780
J0139,環境科学,600
J0140,気象学,500
J0141,地球温暖化,700
J0142,海洋学,800
J0143,地質学,650
J0144,火山学,900
J0145,地震学,950
J0146,天文学,1000
J0147,惑星科学,980
J0148,宇宙探査,970
J0149,宇宙開発,890
J0150,宇宙ロケット,800
J0151,星の王子さま,347
J0152,吾輩は猫である,876
J0153,こころ,591
J0154,銀河鉄道の夜,222
J0155,ノルウェイの森,1000
J0156,人間失格,412
J0157,坊っちゃん,765
J0158,羅生門,234
J0159,雪国,999
J0160,走れメロス,583
J0161,仮面の告白,701
J0162,山月記,120
J0163,風の歌を聴け,888
J0164,斜陽,456
J0165,舞姫,321
J0166,檸檬,654
J0167,夜明け前,777
J0168,破戒,234
J0169,金閣寺,900
J0170,蜘蛛の糸,100
J0171,細雪,555
J0172,雪の女王,876
J0173,赤と黒,432
J0174,アルジャーノンに花束を,678
J0175,老人と海,234
J0176,変身,789
J0177,罪と罰,321
J0178,異邦人,654
J0179,カラマーゾフの兄弟,987
J0180,車輪の下,234
J0181,グレート・ギャツビー,876
J0182,1984年,543
J0183,動物農場,210
J0184,嵐が丘,999
J0185,ドリトル先生航海記,1000
J0186,十五少年漂流記,345
J0187,秘密の花園,678
J0188,小公女,234
J0189,小公子,876
J0190,若草物語,543
J0191,トム・ソーヤーの冒険,210
J0192,ハックルベリー・フィンの冒険,999
J0193,オズの魔法使い,1000
J0194,不思議の国のアリス,345
J0195,鏡の国のアリス,678
J0196,ピーター・パン,234
J0197,ピノッキオの冒険,876
J0198,西遊記,543
J0199,三国志,210
J0200,水滸伝,999
J0201,シャーロック・ホームズの冒険,432
J0202,ドリトル先生アフリカゆき,765
J0203,若きウェルテルの悩み,234
J0204,レ・ミゼラブル,876
J0205,三銃士,543
J0206,八十日間世界一周,210
J0207,十五少年漂流記,999
J0208,海底二万里,1000
J0209,白鯨,345
J0210,嵐が丘,678
J0211,ドリアン・グレイの肖像,234
J0212,高慢と偏見,876
J0213,嵐が丘,543
J0214,ジェーン・エア,210
J0215,老人と海,999
J0216,変身,1000
J0217,罪と罰,345
J0218,異邦人,678
J0219,カラマーゾフの兄弟,234
J0220,車輪の下,876
J0221,グレート・ギャツビー,543
J0222,1984年,210
J0223,動物農場,999
J0224,嵐が丘,1000
J0225,ドリトル先生航海記,345
J0226,十五少年漂流記,678
J0227,秘密の花園,234
J0228,小公女,876
J0229,小公子,543
J0230,若草物語,210
J0231,トム・ソーヤーの冒険,999
J0232,ハックルベリー・フィンの冒険,1000
J0233,オズの魔法使い,345
J0234,不思議の国のアリス,678
J0235,鏡の国のアリス,234
J0236,ピーター・パン,876
J0237,ピノッキオの冒険,543
J0238,西遊記,210
J0239,三国志,999
J0240,水滸伝,1000
J0241,シャーロック・ホームズの冒険,345
J0242,ドリトル先生アフリカゆき,678
J0243,若きウェルテルの悩み,234
J0244,レ・ミゼラブル,876
J0245,三銃士,543
J0246,八十日間世界一周,210
J0247,十五少年漂流記,999
J0248,海底二万里,1000
J0249,白鯨,345
J0250,嵐が丘,678